external_id,employee_external_id,start_at,end_at,break_minutes
S-2001,E-2001,2026-03-02T08:00:00Z,2026-03-02T16:00:00Z,60
S-2002,E-2002,2026-03-03T09:00:00Z,2026-03-03T17:00:00Z,30
S-2003,E-2003,2026-03-01T13:00:00Z,2026-03-01T17:00:00Z,0
S-AERR1,E-2001,2026-03-05T15:00:00Z,2026-03-05T12:00:00Z,0
S-AV001,E-2004,2026-03-01T10:00:00Z,2026-03-01T18:00:00Z,60
S-AV002,E-2004,2026-03-05T10:00:00Z,2026-03-05T18:00:00Z,60
S-AV003,E-2004,2026-03-10T10:00:00Z,2026-03-10T18:00:00Z,60
S-ANO-EMP,,2026-03-01T09:00:00Z,2026-03-01T17:00:00Z,30

